{
    "Coffee Consumption": [
        39.0,
        125.0,
        2206.0,
        599.0,
        205.0,
        2071.0,
        31.0,
        33.0,
        116.0,
        383.0,
        403.0,
        22250.0,
        241.0,
        78.0,
        5114.0,
        392.0,
        1791.41,
        365.0,
        155.0,
        700.0,
        300.0,
        3800.0,
        2.0,
        50.0,
        51.0,
        1475.0,
        4800.0,
        224.0,
        734.0,
        9.0,
        7539.9818233,
        206.0,
        70.0,
        643.0,
        281.0,
        375.0,
        1.0,
        2324.0,
        28.0,
        2450.0,
        59.0,
        917.0,
        7.0,
        362.0,
        0.0,
        405.0,
        40.0,
        743.340422,
        23.0,
        67.0,
        20.0,
        250.0,
        3300.0,
        65.0,
        1.0,
        1246.0,
        153.0,
        550.0,
        807.0,
        35.0,
        705.0,
        3086.0189131,
        789.0,
        92.0,
        1400.0,
        532.966563,
        1464.0,
        250.0,
        1338.0,
        1118.0,
        57.0,
        1550.0,
        4.0
    ],
    "Positive/Tested %": [
        39.5,
        9.97,
        50.3,
        20.69,
        16.77,
        1.86,
        0.91,
        0.74,
        4.46,
        0.51,
        14.14,
        0.94,
        50.41,
        22.74,
        3.29,
        7.63,
        5.75,
        8.63,
        27.74,
        5.17,
        1.83,
        0.66,
        2.24,
        25.19,
        6.59,
        2.92,
        21.64,
        2.11,
        6.58,
        12.0,
        6.01,
        9.145425904317387,
        1.96,
        1.64,
        2.3,
        7.3,
        4.27,
        8.94,
        0.34,
        11.61,
        12.59,
        10.33,
        2.66,
        1.61,
        0.5,
        2.81,
        9.75,
        4.82,
        11.02,
        13.88,
        3.53,
        6.73,
        52.92,
        15.16,
        0.7,
        8.31,
        8.45,
        25.45,
        1.43,
        2.1,
        66.63,
        12.92,
        1.01,
        73.62,
        8.55,
        4.06,
        14.06,
        0.23,
        21.2,
        0.26,
        12.29,
        0.08,
        0.41
    ],
    "Score": [
        3.632,
        4.586,
        5.295,
        6.388,
        4.321,
        7.272,
        5.201,
        6.105,
        4.5,
        5.483,
        5.129,
        6.419,
        4.424,
        4.975,
        7.328,
        6.476,
        6.26,
        7.072,
        5.973,
        4.419,
        6.167,
        4.35,
        4.657,
        3.964,
        7.495,
        4.19,
        5.093,
        4.456,
        7.19,
        5.89,
        5.915,
        5.79,
        4.41,
        5.199,
        5.566,
        3.774,
        3.587,
        6.322,
        5.891,
        6.488,
        5.347,
        5.254,
        4.417,
        4.308,
        4.88,
        7.324,
        5.155,
        7.594,
        5.472,
        6.43,
        5.681,
        5.663,
        5.524,
        6.374,
        3.408,
        6.371,
        4.631,
        5.398,
        6.343,
        4.471,
        4.139,
        7.487,
        6.441,
        3.303,
        6.072,
        4.592,
        5.483,
        4.161,
        4.103,
        6.774,
        6.379,
        4.806,
        3.692
    ]
}